<?xml version="1.0"?>
<doc>
    <assembly>
        <name>Jellyfin.Plugin.PosterTags</name>
    </assembly>
    <members>
        <member name="T:Jellyfin.Plugin.PosterTags.Api.PosterTagsApiController">
            <summary>
            API controller for poster tag preview (used in plugin settings).
            </summary>
        </member>
        <member name="M:Jellyfin.Plugin.PosterTags.Api.PosterTagsApiController.#ctor(MediaBrowser.Controller.Library.ILibraryManager,Jellyfin.Plugin.PosterTags.Services.PosterTagService)">
            <summary>
            Initializes a new instance of the <see cref="T:Jellyfin.Plugin.PosterTags.Api.PosterTagsApiController"/> class.
            </summary>
        </member>
        <member name="M:Jellyfin.Plugin.PosterTags.Api.PosterTagsApiController.GetPreview(System.String,System.Threading.CancellationToken)">
            <summary>
            GET preview image. Uses saved config. If itemId is provided, use that item; otherwise pick a random movie/series from selected libraries.
            </summary>
            <param name="itemId">Optional item ID. If empty, a random item from selected libraries is used.</param>
            <returns>PNG image or 404.</returns>
        </member>
        <member name="M:Jellyfin.Plugin.PosterTags.Api.PosterTagsApiController.PostPreview(Jellyfin.Plugin.PosterTags.Api.PreviewRequest,System.Threading.CancellationToken)">
            <summary>
            POST preview with optional config override (for live preview without saving). Body: { "ItemId": "guid?", "Config": { ... } }.
            If Config is provided it is used for this preview only; otherwise saved config is used.
            </summary>
        </member>
        <member name="M:Jellyfin.Plugin.PosterTags.Api.PosterTagsApiController.GetPreviewItem">
            <summary>
            GET a random item from selected libraries that has a poster (for preview dropdown/label).
            </summary>
        </member>
        <member name="T:Jellyfin.Plugin.PosterTags.Api.PreviewRequest">
            <summary>
            Request body for POST Preview (live preview with config override).
            </summary>
        </member>
        <member name="P:Jellyfin.Plugin.PosterTags.Api.PreviewRequest.ItemId">
            <summary>Optional item ID. If null, a random item from libraries is used.</summary>
        </member>
        <member name="P:Jellyfin.Plugin.PosterTags.Api.PreviewRequest.Config">
            <summary>Optional config override (same shape as plugin config). Used for live preview without saving.</summary>
        </member>
        <member name="T:Jellyfin.Plugin.PosterTags.Configuration.PluginConfiguration">
            <summary>
            Plugin configuration for poster tag overlays.
            </summary>
        </member>
        <member name="M:Jellyfin.Plugin.PosterTags.Configuration.PluginConfiguration.#ctor">
            <summary>
            Initializes a new instance of the <see cref="T:Jellyfin.Plugin.PosterTags.Configuration.PluginConfiguration"/> class.
            </summary>
        </member>
        <member name="P:Jellyfin.Plugin.PosterTags.Configuration.PluginConfiguration.SelectedLibraryIds">
            <summary>
            Gets or sets the library IDs selected for poster tagging (empty = all libraries when running task).
            </summary>
        </member>
        <member name="P:Jellyfin.Plugin.PosterTags.Configuration.PluginConfiguration.Show4K">
            <summary>
            Gets or sets a value indicating whether to show 4K/UHD badge.
            </summary>
        </member>
        <member name="P:Jellyfin.Plugin.PosterTags.Configuration.PluginConfiguration.ShowHD">
            <summary>
            Gets or sets a value indicating whether to show HD badge.
            </summary>
        </member>
        <member name="P:Jellyfin.Plugin.PosterTags.Configuration.PluginConfiguration.ShowQuality">
            <summary>
            Gets or sets a value indicating whether to show resolution badge.
            </summary>
        </member>
        <member name="P:Jellyfin.Plugin.PosterTags.Configuration.PluginConfiguration.ShowAudioLanguageFlags">
            <summary>
            Gets or sets a value indicating whether to show audio language flags (emoji).
            </summary>
        </member>
        <member name="P:Jellyfin.Plugin.PosterTags.Configuration.PluginConfiguration.ShowImdbRating">
            <summary>
            Gets or sets a value indicating whether to show IMDB-style rating.
            </summary>
        </member>
        <member name="P:Jellyfin.Plugin.PosterTags.Configuration.PluginConfiguration.ShowRottenTomatoes">
            <summary>
            Gets or sets a value indicating whether to show Rotten Tomatoes (critic) rating.
            </summary>
        </member>
        <member name="P:Jellyfin.Plugin.PosterTags.Configuration.PluginConfiguration.BadgePosition">
            <summary>
            Gets or sets the position of badges on the poster.
            </summary>
        </member>
        <member name="P:Jellyfin.Plugin.PosterTags.Configuration.PluginConfiguration.UseLetterResolution">
            <summary>
            Gets or sets a value indicating whether to use letter resolution (SD, HD, FHD, UHD) instead of numbered (480p, 720p, 1080p, 2160p).
            </summary>
        </member>
        <member name="P:Jellyfin.Plugin.PosterTags.Configuration.PluginConfiguration.SkipItemsWithNoAudioLanguage">
            <summary>
            Gets or sets a value indicating whether to skip items that have no known audio language (when audio flags are enabled).
            </summary>
        </member>
        <member name="P:Jellyfin.Plugin.PosterTags.Configuration.PluginConfiguration.UseExternalRatings">
            <summary>
            Gets or sets a value indicating whether to fetch IMDb/Rotten Tomatoes ratings from external APIs (MDBList) when API keys are set.
            </summary>
        </member>
        <member name="P:Jellyfin.Plugin.PosterTags.Configuration.PluginConfiguration.MdbListApiKey">
            <summary>
            Gets or sets the MDBList API key (https://mdblist.com) for fetching IMDb, Rotten Tomatoes, TMDB, Letterboxd ratings.
            </summary>
        </member>
        <member name="P:Jellyfin.Plugin.PosterTags.Configuration.PluginConfiguration.TmdbApiKey">
            <summary>
            Gets or sets the TMDB API key (optional, for episode/season ratings from The Movie Database).
            </summary>
        </member>
        <member name="P:Jellyfin.Plugin.PosterTags.Configuration.PluginConfiguration.CustomTagEnabled">
            <summary>
            Gets or sets a value indicating whether to show a custom text tag on the poster.
            </summary>
        </member>
        <member name="P:Jellyfin.Plugin.PosterTags.Configuration.PluginConfiguration.CustomTagText">
            <summary>
            Gets or sets the custom tag text (e.g. "NEW", "FAVORITE").
            </summary>
        </member>
        <member name="P:Jellyfin.Plugin.PosterTags.Configuration.PluginConfiguration.CustomTagPosition">
            <summary>
            Gets or sets the position of the custom tag on the poster.
            </summary>
        </member>
        <member name="P:Jellyfin.Plugin.PosterTags.Configuration.PluginConfiguration.TagCurvature">
            <summary>
            Gets or sets the tag edge curvature (0 = rectangle, 100 = pill). Applies to main badges and custom tag.
            </summary>
        </member>
        <member name="P:Jellyfin.Plugin.PosterTags.Configuration.PluginConfiguration.AutoApplyOnLibraryScan">
            <summary>
            Gets or sets a value indicating whether to automatically apply poster tags when a library scan completes.
            </summary>
        </member>
        <member name="P:Jellyfin.Plugin.PosterTags.Configuration.PluginConfiguration.ShowHDR">
            <summary>
            Gets or sets a value indicating whether to show HDR badge (HDR10, HDR10+, Dolby Vision, HLG).
            </summary>
        </member>
        <member name="P:Jellyfin.Plugin.PosterTags.Configuration.PluginConfiguration.ShowDolbyAtmos">
            <summary>
            Gets or sets a value indicating whether to show Dolby Atmos badge.
            </summary>
        </member>
        <member name="P:Jellyfin.Plugin.PosterTags.Configuration.PluginConfiguration.ShowDtsX">
            <summary>
            Gets or sets a value indicating whether to show DTS:X badge.
            </summary>
        </member>
        <member name="T:Jellyfin.Plugin.PosterTags.Configuration.BadgePosition">
            <summary>
            Position of badge overlays on the poster.
            </summary>
        </member>
        <member name="F:Jellyfin.Plugin.PosterTags.Configuration.BadgePosition.TopLeft">
            <summary>Top-left corner.</summary>
        </member>
        <member name="F:Jellyfin.Plugin.PosterTags.Configuration.BadgePosition.TopRight">
            <summary>Top-right corner.</summary>
        </member>
        <member name="F:Jellyfin.Plugin.PosterTags.Configuration.BadgePosition.TopCenter">
            <summary>Top center.</summary>
        </member>
        <member name="F:Jellyfin.Plugin.PosterTags.Configuration.BadgePosition.BottomLeft">
            <summary>Bottom-left corner.</summary>
        </member>
        <member name="F:Jellyfin.Plugin.PosterTags.Configuration.BadgePosition.BottomRight">
            <summary>Bottom-right corner.</summary>
        </member>
        <member name="F:Jellyfin.Plugin.PosterTags.Configuration.BadgePosition.BottomCenter">
            <summary>Bottom center.</summary>
        </member>
        <member name="T:Jellyfin.Plugin.PosterTags.Plugin">
            <summary>
            Main plugin class for Poster Tags - embeds quality, 4K, flags, IMDB, RT badges on library posters.
            </summary>
        </member>
        <member name="M:Jellyfin.Plugin.PosterTags.Plugin.#ctor(MediaBrowser.Common.Configuration.IApplicationPaths,MediaBrowser.Model.Serialization.IXmlSerializer,Microsoft.Extensions.Logging.ILogger{Jellyfin.Plugin.PosterTags.Plugin})">
            <summary>
            Initializes a new instance of the <see cref="T:Jellyfin.Plugin.PosterTags.Plugin"/> class.
            </summary>
            <param name="applicationPaths">Application paths.</param>
            <param name="xmlSerializer">XML serializer.</param>
            <param name="logger">Logger instance.</param>
        </member>
        <member name="P:Jellyfin.Plugin.PosterTags.Plugin.Name">
            <inheritdoc />
        </member>
        <member name="P:Jellyfin.Plugin.PosterTags.Plugin.Id">
            <inheritdoc />
        </member>
        <member name="P:Jellyfin.Plugin.PosterTags.Plugin.Instance">
            <summary>
            Gets the current plugin instance.
            </summary>
        </member>
        <member name="M:Jellyfin.Plugin.PosterTags.Plugin.GetPages">
            <inheritdoc />
        </member>
        <member name="T:Jellyfin.Plugin.PosterTags.PluginServiceRegistrator">
            <summary>
            Registers plugin services with the Jellyfin DI container.
            </summary>
        </member>
        <member name="M:Jellyfin.Plugin.PosterTags.PluginServiceRegistrator.RegisterServices(Microsoft.Extensions.DependencyInjection.IServiceCollection,MediaBrowser.Controller.IServerApplicationHost)">
            <inheritdoc />
        </member>
        <member name="T:Jellyfin.Plugin.PosterTags.Services.PosterTagService">
            <summary>
            Service that draws tag badges (4K, HD, flags, IMDB, RT) onto poster images.
            </summary>
        </member>
        <member name="M:Jellyfin.Plugin.PosterTags.Services.PosterTagService.#ctor(Microsoft.Extensions.Logging.ILogger{Jellyfin.Plugin.PosterTags.Services.PosterTagService},MediaBrowser.Controller.Library.IMediaSourceManager,MediaBrowser.Model.IO.IFileSystem)">
            <summary>
            Initializes a new instance of the <see cref="T:Jellyfin.Plugin.PosterTags.Services.PosterTagService"/> class.
            </summary>
        </member>
        <member name="M:Jellyfin.Plugin.PosterTags.Services.PosterTagService.HasUsablePrimaryImage(MediaBrowser.Controller.Entities.BaseItem)">
            <summary>
            Returns true if the item has a primary image file that exists on disk (for preview or processing).
            </summary>
        </member>
        <member name="M:Jellyfin.Plugin.PosterTags.Services.PosterTagService.ShouldSkipItem(MediaBrowser.Controller.Entities.BaseItem,Jellyfin.Plugin.PosterTags.Configuration.PluginConfiguration)">
            <summary>
            Returns true if the item should be skipped (e.g. no known audio when skip is enabled).
            </summary>
        </member>
        <member name="M:Jellyfin.Plugin.PosterTags.Services.PosterTagService.ProcessItemAsync(MediaBrowser.Controller.Entities.BaseItem,Jellyfin.Plugin.PosterTags.Configuration.PluginConfiguration,System.Threading.CancellationToken)">
            <summary>
            Process a single item: load poster, draw badges, save to metadata path, update item.
            </summary>
        </member>
        <member name="M:Jellyfin.Plugin.PosterTags.Services.PosterTagService.GetPreviewImageAsync(MediaBrowser.Controller.Entities.BaseItem,Jellyfin.Plugin.PosterTags.Configuration.PluginConfiguration,System.Threading.CancellationToken)">
            <summary>
            Generates a preview image with badges drawn (same logic as ProcessItemAsync but returns PNG bytes without saving).
            Used for live preview in plugin settings. Fetches external ratings if config.UseExternalRatings is set.
            </summary>
        </member>
        <member name="M:Jellyfin.Plugin.PosterTags.Services.PosterTagService.FetchMdbListRatingsAsync(MediaBrowser.Controller.Entities.BaseItem,Jellyfin.Plugin.PosterTags.Configuration.PluginConfiguration,System.Threading.CancellationToken)">
            <summary>
            Fetch IMDb, Rotten Tomatoes, TMDB, Letterboxd ratings from MDBList API (https://api.mdblist.com).
            </summary>
        </member>
        <member name="M:Jellyfin.Plugin.PosterTags.Services.PosterTagService.GetHdrBadge(MediaBrowser.Controller.Entities.BaseItem)">
            <summary>
            Gets HDR badge text from video streams (HDR10, HDR10+, Dolby Vision, HLG).
            </summary>
        </member>
        <member name="M:Jellyfin.Plugin.PosterTags.Services.PosterTagService.GetPremiumAudioBadges(MediaBrowser.Controller.Entities.BaseItem,Jellyfin.Plugin.PosterTags.Configuration.PluginConfiguration)">
            <summary>
            Gets premium audio badges (Dolby Atmos, DTS:X) from audio streams.
            </summary>
        </member>
        <member name="M:Jellyfin.Plugin.PosterTags.Services.PosterTagService.GetAudioLanguageFlagEmojis(MediaBrowser.Controller.Entities.BaseItem)">
            <summary>
            Get flag emoji strings for audio languages (e.g. 🇺🇸 🇬🇧).
            </summary>
        </member>
        <member name="M:Jellyfin.Plugin.PosterTags.Services.PosterTagService.LanguageToFlagEmoji(System.String)">
            <summary>
            Map ISO 639 language code to Unicode flag emoji (regional indicators).
            </summary>
        </member>
        <member name="M:Jellyfin.Plugin.PosterTags.Services.PosterTagService.CountryCodeToFlagEmoji(System.String)">
            <summary>
            Convert two-letter ISO country code to flag emoji (e.g. US -> 🇺🇸).
            </summary>
        </member>
        <member name="M:Jellyfin.Plugin.PosterTags.Services.PosterTagService.BuildRoundedRectPath(SixLabors.ImageSharp.RectangleF,System.Single)">
            <summary>
            Builds a rounded rectangle path. Curvature 0 = sharp corners, full curvature = pill (half-circle ends).
            </summary>
        </member>
        <member name="T:Jellyfin.Plugin.PosterTags.Tasks.PosterTagLibraryPostScanTask">
            <summary>
            Runs after a library scan and applies poster tags to new/updated items when AutoApplyOnLibraryScan is enabled.
            </summary>
        </member>
        <member name="M:Jellyfin.Plugin.PosterTags.Tasks.PosterTagLibraryPostScanTask.#ctor(Microsoft.Extensions.Logging.ILogger{Jellyfin.Plugin.PosterTags.Tasks.PosterTagLibraryPostScanTask},MediaBrowser.Controller.Library.ILibraryManager,Jellyfin.Plugin.PosterTags.Services.PosterTagService)">
            <summary>
            Initializes a new instance of the <see cref="T:Jellyfin.Plugin.PosterTags.Tasks.PosterTagLibraryPostScanTask"/> class.
            </summary>
        </member>
        <member name="M:Jellyfin.Plugin.PosterTags.Tasks.PosterTagLibraryPostScanTask.Run(System.IProgress{System.Double},System.Threading.CancellationToken)">
            <inheritdoc />
        </member>
        <member name="T:Jellyfin.Plugin.PosterTags.Tasks.PosterTagTask">
            <summary>
            Scheduled task that adds poster tags (4K, HD, flags, IMDB, RT) to items in selected libraries.
            </summary>
        </member>
        <member name="M:Jellyfin.Plugin.PosterTags.Tasks.PosterTagTask.#ctor(Microsoft.Extensions.Logging.ILogger{Jellyfin.Plugin.PosterTags.Tasks.PosterTagTask},MediaBrowser.Controller.Library.ILibraryManager,Jellyfin.Plugin.PosterTags.Services.PosterTagService)">
            <summary>
            Initializes a new instance of the <see cref="T:Jellyfin.Plugin.PosterTags.Tasks.PosterTagTask"/> class.
            </summary>
        </member>
        <member name="P:Jellyfin.Plugin.PosterTags.Tasks.PosterTagTask.Name">
            <inheritdoc />
        </member>
        <member name="P:Jellyfin.Plugin.PosterTags.Tasks.PosterTagTask.Key">
            <inheritdoc />
        </member>
        <member name="P:Jellyfin.Plugin.PosterTags.Tasks.PosterTagTask.Description">
            <inheritdoc />
        </member>
        <member name="P:Jellyfin.Plugin.PosterTags.Tasks.PosterTagTask.Category">
            <inheritdoc />
        </member>
        <member name="M:Jellyfin.Plugin.PosterTags.Tasks.PosterTagTask.GetDefaultTriggers">
            <inheritdoc />
        </member>
        <member name="M:Jellyfin.Plugin.PosterTags.Tasks.PosterTagTask.ExecuteAsync(System.IProgress{System.Double},System.Threading.CancellationToken)">
            <inheritdoc />
        </member>
    </members>
</doc>
